<?xml version="1.0" encoding="UTF-8"?>
<!--
  ~ Copyright (c) 2016 - All Rights Reserved
  ~ Unauthorized copying of this file, via any medium is strictly prohibited
  ~ Proprietary and confidential by BNBJobs
  -->

<FindBugsFilter>
  <Match>
    <Class name="~.*\.R\$.*" />
    <Bug pattern="NM_CLASS_NAMING_CONVENTION" />
  </Match>
  <Match>
    <Class name="~.*\.R\$.*" />
    <Bug pattern="MS_MUTABLE_ARRAY" />
  </Match>
  <Match>
    <Class name="~.*\.R\$.*" />
    <Bug pattern="MS_PKGPROTECT" />
  </Match>
</FindBugsFilter>
