{
  "project_info": {
    "project_number": "946246511340",
    "firebase_url": "https://bnbjobs-939f1.firebaseio.com",
    "project_id": "bnbjobs-939f1",
    "storage_bucket": "bnbjobs-939f1.appspot.com"
  },
  "client": [
    {
      "client_info": {
        "mobilesdk_app_id": "1:946246511340:android:e43941edc73b6d8a",
        "android_client_info": {
          "package_name": "com.bnbjobs"
        }
      },
      "oauth_client": [
        {
          "client_id": "946246511340-62chovssfr0f8tvgkin8gqhm266uqhcc.apps.googleusercontent.com",
          "client_type": 3
        },
        {
          "client_id": "946246511340-pugdsft1letq13fgn37so780u8mrga8a.apps.googleusercontent.com",
          "client_type": 3
        }
      ],
      "api_key": [
        {
          "current_key": "AIzaSyBlpZezDRah_0tsq4gxJXuuXq3QiQvXL58"
        }
      ],
      "services": {
        "analytics_service": {
          "status": 1
        },
        "appinvite_service": {
          "status": 1,
          "other_platform_oauth_client": []
        },
        "ads_service": {
          "status": 2
        }
      }
    }
  ],
  "configuration_version": "1"
}