<?xml version="1.0" encoding="UTF-8"?>
<!--
  ~ Copyright (c) 2016 - All Rights Reserved
  ~ Unauthorized copying of this file, via any medium is strictly prohibited
  ~ Proprietary and confidential by BNBJobs
  -->

<lint>
  <!-- Disable the given check in this project -->
  <issue id="AllowBackup" severity="ignore" />
  <issue id="IconLauncherShape" severity="ignore" />
  <issue id="IconMissingDensityFolder" severity="ignore" />
  <issue id="GoogleAppIndexingWarning" severity="ignore" />
  <issue id="LogNotTimber" severity="ignore" />
  <issue id="LogNotTimber" severity="ignore" />
  <issue id="InvalidPackage" severity="ignore" />
  <issue id="RtlSymmetry" severity="ignore"/>
  <issue id="ContentDescription" severity="ignore"/>
</lint>